age;rw;sw
13;0;0
13;1;64
13;2;64
13;3;64
13;4;64
13;5;64
13;6;64
13;7;64
13;8;64
13;9;64
13;10;64
13;11;70
13;12;70
13;13;70
13;14;70
13;15;70
13;16;70
13;17;70
13;18;70
13;19;70
13;20;70
13;21;76
13;22;76
13;23;76
13;24;76
13;25;76
13;26;76
13;27;76
13;28;76
13;29;76
13;30;76
13;31;83
13;32;83
13;33;83
13;34;83
13;35;83
13;36;83
13;37;83
13;38;83
13;39;83
13;40;83
13;41;89
13;42;89
13;43;89
13;44;89
13;45;89
13;46;89
13;47;89
13;48;89
13;49;89
13;50;89
13;51;95
13;52;95
13;53;95
13;54;95
13;55;95
13;56;95
13;57;95
13;58;95
13;59;95
13;60;95
13;61;101
13;62;101
13;63;101
13;64;101
13;65;101
13;66;101
13;67;101
13;68;101
13;69;101
13;70;101
13;71;107
13;72;107
13;73;107
13;74;107
13;75;107
13;76;107
13;77;107
13;78;107
13;79;107
13;80;107
13;81;114
13;82;114
13;83;114
13;84;114
13;85;114
13;86;114
13;87;114
13;88;114
13;89;114
13;90;114
13;91;119
13;92;119
13;93;119
13;94;119
13;95;119
13;96;119
13;97;119
13;98;119
13;99;119
13;100;119
13;101;126
13;102;126
13;103;126
13;104;126
13;105;126
13;106;126
13;107;126
13;108;126
13;109;126
13;110;126
13;111;132
13;112;132
13;113;132
13;114;132
13;115;132
13;116;132
13;117;132
13;118;132
13;119;132
13;120;132
13;121;138
13;122;138
13;123;138
13;124;138
13;125;138
13;126;138
13;127;138
13;128;138
13;129;138
13;130;138
13;131;144
13;132;144
13;133;144
13;134;144
13;135;144
13;136;144
13;137;144
13;138;144
13;139;144
13;140;144
13;141;151
13;142;151
13;143;151
13;144;151
13;145;151
13;146;151
13;147;151
13;148;151
13;149;151
13;150;151
13;151;157
13;152;157
13;153;157
13;154;157
13;155;157
13;156;157
13;157;157
13;158;157
13;159;157
13;160;157
13;161;163
13;162;163
13;163;163
13;164;163
13;165;163
13;166;163
13;167;163
13;168;163
13;169;163
13;170;163
13;171;170
13;172;170
13;173;170
13;174;170
13;175;170
13;176;170
13;177;170
13;178;170
13;179;170
13;180;170
14;0;0
14;1;65
14;2;65
14;3;65
14;4;65
14;5;65
14;6;65
14;7;65
14;8;65
14;9;65
14;10;65
14;11;71
14;12;71
14;13;71
14;14;71
14;15;71
14;16;71
14;17;71
14;18;71
14;19;71
14;20;71
14;21;77
14;22;77
14;23;77
14;24;77
14;25;77
14;26;77
14;27;77
14;28;77
14;29;77
14;30;77
14;31;82
14;32;82
14;33;82
14;34;82
14;35;82
14;36;82
14;37;82
14;38;82
14;39;82
14;40;82
14;41;88
14;42;88
14;43;88
14;44;88
14;45;88
14;46;88
14;47;88
14;48;88
14;49;88
14;50;88
14;51;93
14;52;93
14;53;93
14;54;93
14;55;93
14;56;93
14;57;93
14;58;93
14;59;93
14;60;93
14;61;99
14;62;99
14;63;99
14;64;99
14;65;99
14;66;99
14;67;99
14;68;99
14;69;99
14;70;99
14;71;105
14;72;105
14;73;105
14;74;105
14;75;105
14;76;105
14;77;105
14;78;105
14;79;105
14;80;105
14;81;110
14;82;110
14;83;110
14;84;110
14;85;110
14;86;110
14;87;110
14;88;110
14;89;110
14;90;110
14;91;116
14;92;116
14;93;116
14;94;116
14;95;116
14;96;116
14;97;116
14;98;116
14;99;116
14;100;116
14;101;122
14;102;122
14;103;122
14;104;122
14;105;122
14;106;122
14;107;122
14;108;122
14;109;122
14;110;122
14;111;127
14;112;127
14;113;127
14;114;127
14;115;127
14;116;127
14;117;127
14;118;127
14;119;127
14;120;127
14;121;132
14;122;132
14;123;132
14;124;132
14;125;132
14;126;132
14;127;132
14;128;132
14;129;132
14;130;132
14;131;139
14;132;139
14;133;139
14;134;139
14;135;139
14;136;139
14;137;139
14;138;139
14;139;139
14;140;139
14;141;145
14;142;145
14;143;145
14;144;145
14;145;145
14;146;145
14;147;145
14;148;145
14;149;145
14;150;145
14;151;150
14;152;150
14;153;150
14;154;150
14;155;150
14;156;150
14;157;150
14;158;150
14;159;150
14;160;150
14;161;156
14;162;156
14;163;156
14;164;156
14;165;156
14;166;156
14;167;156
14;168;156
14;169;156
14;170;156
14;171;160
14;172;160
14;173;160
14;174;160
14;175;160
14;176;160
14;177;160
14;178;160
14;179;160
14;180;160
15;0;0
15;1;66
15;2;66
15;3;66
15;4;66
15;5;66
15;6;66
15;7;66
15;8;66
15;9;66
15;10;66
15;11;71
15;12;71
15;13;71
15;14;71
15;15;71
15;16;71
15;17;71
15;18;71
15;19;71
15;20;71
15;21;76
15;22;76
15;23;76
15;24;76
15;25;76
15;26;76
15;27;76
15;28;76
15;29;76
15;30;76
15;31;81
15;32;81
15;33;81
15;34;81
15;35;81
15;36;81
15;37;81
15;38;81
15;39;81
15;40;81
15;41;86
15;42;86
15;43;86
15;44;86
15;45;86
15;46;86
15;47;86
15;48;86
15;49;86
15;50;86
15;51;91
15;52;91
15;53;91
15;54;91
15;55;91
15;56;91
15;57;91
15;58;91
15;59;91
15;60;91
15;61;96
15;62;96
15;63;96
15;64;96
15;65;96
15;66;96
15;67;96
15;68;96
15;69;96
15;70;96
15;71;101
15;72;101
15;73;101
15;74;101
15;75;101
15;76;101
15;77;101
15;78;101
15;79;101
15;80;101
15;81;106
15;82;106
15;83;106
15;84;106
15;85;106
15;86;106
15;87;106
15;88;106
15;89;106
15;90;106
15;91;111
15;92;111
15;93;111
15;94;111
15;95;111
15;96;111
15;97;111
15;98;111
15;99;111
15;100;111
15;101;116
15;102;116
15;103;116
15;104;116
15;105;116
15;106;116
15;107;116
15;108;116
15;109;116
15;110;116
15;111;121
15;112;121
15;113;121
15;114;121
15;115;121
15;116;121
15;117;121
15;118;121
15;119;121
15;120;121
15;121;126
15;122;126
15;123;126
15;124;126
15;125;126
15;126;126
15;127;126
15;128;126
15;129;126
15;130;126
15;131;131
15;132;131
15;133;131
15;134;131
15;135;131
15;136;131
15;137;131
15;138;131
15;139;131
15;140;131
15;141;136
15;142;136
15;143;136
15;144;136
15;145;136
15;146;136
15;147;136
15;148;136
15;149;136
15;150;136
15;151;141
15;152;141
15;153;141
15;154;141
15;155;141
15;156;141
15;157;141
15;158;141
15;159;141
15;160;141
15;161;146
15;162;146
15;163;146
15;164;146
15;165;146
15;166;146
15;167;146
15;168;146
15;169;146
15;170;146
15;171;150
15;172;150
15;173;150
15;174;150
15;175;150
15;176;150
15;177;150
15;178;150
15;179;150
15;180;150
16;0;0
16;1;64
16;2;64
16;3;64
16;4;64
16;5;64
16;6;64
16;7;64
16;8;64
16;9;64
16;10;64
16;11;69
16;12;69
16;13;69
16;14;69
16;15;69
16;16;69
16;17;69
16;18;69
16;19;69
16;20;69
16;21;74
16;22;74
16;23;74
16;24;74
16;25;74
16;26;74
16;27;74
16;28;74
16;29;74
16;30;74
16;31;78
16;32;78
16;33;78
16;34;78
16;35;78
16;36;78
16;37;78
16;38;78
16;39;78
16;40;78
16;41;82
16;42;82
16;43;82
16;44;82
16;45;82
16;46;82
16;47;82
16;48;82
16;49;82
16;50;82
16;51;88
16;52;88
16;53;88
16;54;88
16;55;88
16;56;88
16;57;88
16;58;88
16;59;88
16;60;88
16;61;93
16;62;93
16;63;93
16;64;93
16;65;93
16;66;93
16;67;93
16;68;93
16;69;93
16;70;93
16;71;98
16;72;98
16;73;98
16;74;98
16;75;98
16;76;98
16;77;98
16;78;98
16;79;98
16;80;98
16;81;102
16;82;102
16;83;102
16;84;102
16;85;102
16;86;102
16;87;102
16;88;102
16;89;102
16;90;102
16;91;107
16;92;107
16;93;107
16;94;107
16;95;107
16;96;107
16;97;107
16;98;107
16;99;107
16;100;107
16;101;112
16;102;112
16;103;112
16;104;112
16;105;112
16;106;112
16;107;112
16;108;112
16;109;112
16;110;112
16;111;117
16;112;117
16;113;117
16;114;117
16;115;117
16;116;117
16;117;117
16;118;117
16;119;117
16;120;117
16;121;121
16;122;121
16;123;121
16;124;121
16;125;121
16;126;121
16;127;121
16;128;121
16;129;121
16;130;121
16;131;126
16;132;126
16;133;126
16;134;126
16;135;126
16;136;126
16;137;126
16;138;126
16;139;126
16;140;126
16;141;131
16;142;131
16;143;131
16;144;131
16;145;131
16;146;131
16;147;131
16;148;131
16;149;131
16;150;131
16;151;136
16;152;136
16;153;136
16;154;136
16;155;136
16;156;136
16;157;136
16;158;136
16;159;136
16;160;136
16;161;140
16;162;140
16;163;140
16;164;140
16;165;140
16;166;140
16;167;140
16;168;140
16;169;140
16;170;140
16;171;145
16;172;145
16;173;145
16;174;145
16;175;145
16;176;145
16;177;145
16;178;145
16;179;145
16;180;145
17;0;0
17;1;66
17;2;66
17;3;66
17;4;66
17;5;66
17;6;66
17;7;66
17;8;66
17;9;66
17;10;66
17;11;70
17;12;70
17;13;70
17;14;70
17;15;70
17;16;70
17;17;70
17;18;70
17;19;70
17;20;70
17;21;75
17;22;75
17;23;75
17;24;75
17;25;75
17;26;75
17;27;75
17;28;75
17;29;75
17;30;75
17;31;79
17;32;79
17;33;79
17;34;79
17;35;79
17;36;79
17;37;79
17;38;79
17;39;79
17;40;79
17;41;83
17;42;83
17;43;83
17;44;83
17;45;83
17;46;83
17;47;83
17;48;83
17;49;83
17;50;83
17;51;87
17;52;87
17;53;87
17;54;87
17;55;87
17;56;87
17;57;87
17;58;87
17;59;87
17;60;87
17;61;92
17;62;92
17;63;92
17;64;92
17;65;92
17;66;92
17;67;92
17;68;92
17;69;92
17;70;92
17;71;96
17;72;96
17;73;96
17;74;96
17;75;96
17;76;96
17;77;96
17;78;96
17;79;96
17;80;96
17;81;101
17;82;101
17;83;101
17;84;101
17;85;101
17;86;101
17;87;101
17;88;101
17;89;101
17;90;101
17;91;105
17;92;105
17;93;105
17;94;105
17;95;105
17;96;105
17;97;105
17;98;105
17;99;105
17;100;105
17;101;109
17;102;109
17;103;109
17;104;109
17;105;109
17;106;109
17;107;109
17;108;109
17;109;109
17;110;109
17;111;114
17;112;114
17;113;114
17;114;114
17;115;114
17;116;114
17;117;114
17;118;114
17;119;114
17;120;114
17;121;118
17;122;118
17;123;118
17;124;118
17;125;118
17;126;118
17;127;118
17;128;118
17;129;118
17;130;118
17;131;122
17;132;122
17;133;122
17;134;122
17;135;122
17;136;122
17;137;122
17;138;122
17;139;122
17;140;122
17;141;127
17;142;127
17;143;127
17;144;127
17;145;127
17;146;127
17;147;127
17;148;127
17;149;127
17;150;127
17;151;131
17;152;131
17;153;131
17;154;131
17;155;131
17;156;131
17;157;131
17;158;131
17;159;131
17;160;131
17;161;135
17;162;135
17;163;135
17;164;135
17;165;135
17;166;135
17;167;135
17;168;135
17;169;135
17;170;135
17;171;140
17;172;140
17;173;140
17;174;140
17;175;140
17;176;140
17;177;140
17;178;140
17;179;140
17;180;140
18;0;0
18;1;66
18;2;66
18;3;66
18;4;66
18;5;66
18;6;66
18;7;66
18;8;66
18;9;66
18;10;66
18;11;70
18;12;70
18;13;70
18;14;70
18;15;70
18;16;70
18;17;70
18;18;70
18;19;70
18;20;70
18;21;75
18;22;75
18;23;75
18;24;75
18;25;75
18;26;75
18;27;75
18;28;75
18;29;75
18;30;75
18;31;79
18;32;79
18;33;79
18;34;79
18;35;79
18;36;79
18;37;79
18;38;79
18;39;79
18;40;79
18;41;82
18;42;82
18;43;82
18;44;82
18;45;82
18;46;82
18;47;82
18;48;82
18;49;82
18;50;82
18;51;86
18;52;86
18;53;86
18;54;86
18;55;86
18;56;86
18;57;86
18;58;86
18;59;86
18;60;86
18;61;90
18;62;90
18;63;90
18;64;90
18;65;90
18;66;90
18;67;90
18;68;90
18;69;90
18;70;90
18;71;94
18;72;94
18;73;94
18;74;94
18;75;94
18;76;94
18;77;94
18;78;94
18;79;94
18;80;94
18;81;98
18;82;98
18;83;98
18;84;98
18;85;98
18;86;98
18;87;98
18;88;98
18;89;98
18;90;98
18;91;102
18;92;102
18;93;102
18;94;102
18;95;102
18;96;102
18;97;102
18;98;102
18;99;102
18;100;102
18;101;106
18;102;106
18;103;106
18;104;106
18;105;106
18;106;106
18;107;106
18;108;106
18;109;106
18;110;106
18;111;110
18;112;110
18;113;110
18;114;110
18;115;110
18;116;110
18;117;110
18;118;110
18;119;110
18;120;110
18;121;115
18;122;115
18;123;115
18;124;115
18;125;115
18;126;115
18;127;115
18;128;115
18;129;115
18;130;115
18;131;118
18;132;118
18;133;118
18;134;118
18;135;118
18;136;118
18;137;118
18;138;118
18;139;118
18;140;118
18;141;122
18;142;122
18;143;122
18;144;122
18;145;122
18;146;122
18;147;122
18;148;122
18;149;122
18;150;122
18;151;126
18;152;126
18;153;126
18;154;126
18;155;126
18;156;126
18;157;126
18;158;126
18;159;126
18;160;126
18;161;130
18;162;130
18;163;130
18;164;130
18;165;130
18;166;130
18;167;130
18;168;130
18;169;130
18;170;130
18;171;134
18;172;134
18;173;134
18;174;134
18;175;134
18;176;134
18;177;134
18;178;134
18;179;134
18;180;134
19;0;0
19;1;65
19;2;65
19;3;65
19;4;65
19;5;65
19;6;65
19;7;65
19;8;65
19;9;65
19;10;65
19;11;69
19;12;69
19;13;69
19;14;69
19;15;69
19;16;69
19;17;69
19;18;69
19;19;69
19;20;69
19;21;72
19;22;72
19;23;72
19;24;72
19;25;72
19;26;72
19;27;72
19;28;72
19;29;72
19;30;72
19;31;76
19;32;76
19;33;76
19;34;76
19;35;76
19;36;76
19;37;76
19;38;76
19;39;76
19;40;76
19;41;80
19;42;80
19;43;80
19;44;80
19;45;80
19;46;80
19;47;80
19;48;80
19;49;80
19;50;80
19;51;84
19;52;84
19;53;84
19;54;84
19;55;84
19;56;84
19;57;84
19;58;84
19;59;84
19;60;84
19;61;88
19;62;88
19;63;88
19;64;88
19;65;88
19;66;88
19;67;88
19;68;88
19;69;88
19;70;88
19;71;92
19;72;92
19;73;92
19;74;92
19;75;92
19;76;92
19;77;92
19;78;92
19;79;92
19;80;92
19;81;95
19;82;95
19;83;95
19;84;95
19;85;95
19;86;95
19;87;95
19;88;95
19;89;95
19;90;95
19;91;99
19;92;99
19;93;99
19;94;99
19;95;99
19;96;99
19;97;99
19;98;99
19;99;99
19;100;99
19;101;103
19;102;103
19;103;103
19;104;103
19;105;103
19;106;103
19;107;103
19;108;103
19;109;103
19;110;103
19;111;107
19;112;107
19;113;107
19;114;107
19;115;107
19;116;107
19;117;107
19;118;107
19;119;107
19;120;107
19;121;111
19;122;111
19;123;111
19;124;111
19;125;111
19;126;111
19;127;111
19;128;111
19;129;111
19;130;111
19;131;115
19;132;115
19;133;115
19;134;115
19;135;115
19;136;115
19;137;115
19;138;115
19;139;115
19;140;115
19;141;118
19;142;118
19;143;118
19;144;118
19;145;118
19;146;118
19;147;118
19;148;118
19;149;118
19;150;118
19;151;122
19;152;122
19;153;122
19;154;122
19;155;122
19;156;122
19;157;122
19;158;122
19;159;122
19;160;122
19;161;126
19;162;126
19;163;126
19;164;126
19;165;126
19;166;126
19;167;126
19;168;126
19;169;126
19;170;126
19;171;130
19;172;130
19;173;130
19;174;130
19;175;130
19;176;130
19;177;130
19;178;130
19;179;130
19;180;130
20;0;0
20;1;65
20;2;65
20;3;65
20;4;65
20;5;65
20;6;65
20;7;65
20;8;65
20;9;65
20;10;65
20;11;69
20;12;69
20;13;69
20;14;69
20;15;69
20;16;69
20;17;69
20;18;69
20;19;69
20;20;69
20;21;72
20;22;72
20;23;72
20;24;72
20;25;72
20;26;72
20;27;72
20;28;72
20;29;72
20;30;72
20;31;76
20;32;76
20;33;76
20;34;76
20;35;76
20;36;76
20;37;76
20;38;76
20;39;76
20;40;76
20;41;80
20;42;80
20;43;80
20;44;80
20;45;80
20;46;80
20;47;80
20;48;80
20;49;80
20;50;80
20;51;84
20;52;84
20;53;84
20;54;84
20;55;84
20;56;84
20;57;84
20;58;84
20;59;84
20;60;84
20;61;88
20;62;88
20;63;88
20;64;88
20;65;88
20;66;88
20;67;88
20;68;88
20;69;88
20;70;88
20;71;92
20;72;92
20;73;92
20;74;92
20;75;92
20;76;92
20;77;92
20;78;92
20;79;92
20;80;92
20;81;95
20;82;95
20;83;95
20;84;95
20;85;95
20;86;95
20;87;95
20;88;95
20;89;95
20;90;95
20;91;99
20;92;99
20;93;99
20;94;99
20;95;99
20;96;99
20;97;99
20;98;99
20;99;99
20;100;99
20;101;103
20;102;103
20;103;103
20;104;103
20;105;103
20;106;103
20;107;103
20;108;103
20;109;103
20;110;103
20;111;107
20;112;107
20;113;107
20;114;107
20;115;107
20;116;107
20;117;107
20;118;107
20;119;107
20;120;107
20;121;111
20;122;111
20;123;111
20;124;111
20;125;111
20;126;111
20;127;111
20;128;111
20;129;111
20;130;111
20;131;115
20;132;115
20;133;115
20;134;115
20;135;115
20;136;115
20;137;115
20;138;115
20;139;115
20;140;115
20;141;118
20;142;118
20;143;118
20;144;118
20;145;118
20;146;118
20;147;118
20;148;118
20;149;118
20;150;118
20;151;122
20;152;122
20;153;122
20;154;122
20;155;122
20;156;122
20;157;122
20;158;122
20;159;122
20;160;122
20;161;126
20;162;126
20;163;126
20;164;126
20;165;126
20;166;126
20;167;126
20;168;126
20;169;126
20;170;126
20;171;130
20;172;130
20;173;130
20;174;130
20;175;130
20;176;130
20;177;130
20;178;130
20;179;130
20;180;130
21,22,23,24;0;0
21,22,23,24;1;65
21,22,23,24;2;65
21,22,23,24;3;65
21,22,23,24;4;65
21,22,23,24;5;65
21,22,23,24;6;65
21,22,23,24;7;65
21,22,23,24;8;65
21,22,23,24;9;65
21,22,23,24;10;65
21,22,23,24;11;69
21,22,23,24;12;69
21,22,23,24;13;69
21,22,23,24;14;69
21,22,23,24;15;69
21,22,23,24;16;69
21,22,23,24;17;69
21,22,23,24;18;69
21,22,23,24;19;69
21,22,23,24;20;69
21,22,23,24;21;72
21,22,23,24;22;72
21,22,23,24;23;72
21,22,23,24;24;72
21,22,23,24;25;72
21,22,23,24;26;72
21,22,23,24;27;72
21,22,23,24;28;72
21,22,23,24;29;72
21,22,23,24;30;72
21,22,23,24;31;76
21,22,23,24;32;76
21,22,23,24;33;76
21,22,23,24;34;76
21,22,23,24;35;76
21,22,23,24;36;76
21,22,23,24;37;76
21,22,23,24;38;76
21,22,23,24;39;76
21,22,23,24;40;76
21,22,23,24;41;80
21,22,23,24;42;80
21,22,23,24;43;80
21,22,23,24;44;80
21,22,23,24;45;80
21,22,23,24;46;80
21,22,23,24;47;80
21,22,23,24;48;80
21,22,23,24;49;80
21,22,23,24;50;80
21,22,23,24;51;84
21,22,23,24;52;84
21,22,23,24;53;84
21,22,23,24;54;84
21,22,23,24;55;84
21,22,23,24;56;84
21,22,23,24;57;84
21,22,23,24;58;84
21,22,23,24;59;84
21,22,23,24;60;84
21,22,23,24;61;88
21,22,23,24;62;88
21,22,23,24;63;88
21,22,23,24;64;88
21,22,23,24;65;88
21,22,23,24;66;88
21,22,23,24;67;88
21,22,23,24;68;88
21,22,23,24;69;88
21,22,23,24;70;88
21,22,23,24;71;92
21,22,23,24;72;92
21,22,23,24;73;92
21,22,23,24;74;92
21,22,23,24;75;92
21,22,23,24;76;92
21,22,23,24;77;92
21,22,23,24;78;92
21,22,23,24;79;92
21,22,23,24;80;92
21,22,23,24;81;95
21,22,23,24;82;95
21,22,23,24;83;95
21,22,23,24;84;95
21,22,23,24;85;95
21,22,23,24;86;95
21,22,23,24;87;95
21,22,23,24;88;95
21,22,23,24;89;95
21,22,23,24;90;95
21,22,23,24;91;99
21,22,23,24;92;99
21,22,23,24;93;99
21,22,23,24;94;99
21,22,23,24;95;99
21,22,23,24;96;99
21,22,23,24;97;99
21,22,23,24;98;99
21,22,23,24;99;99
21,22,23,24;100;99
21,22,23,24;101;103
21,22,23,24;102;103
21,22,23,24;103;103
21,22,23,24;104;103
21,22,23,24;105;103
21,22,23,24;106;103
21,22,23,24;107;103
21,22,23,24;108;103
21,22,23,24;109;103
21,22,23,24;110;103
21,22,23,24;111;107
21,22,23,24;112;107
21,22,23,24;113;107
21,22,23,24;114;107
21,22,23,24;115;107
21,22,23,24;116;107
21,22,23,24;117;107
21,22,23,24;118;107
21,22,23,24;119;107
21,22,23,24;120;107
21,22,23,24;121;111
21,22,23,24;122;111
21,22,23,24;123;111
21,22,23,24;124;111
21,22,23,24;125;111
21,22,23,24;126;111
21,22,23,24;127;111
21,22,23,24;128;111
21,22,23,24;129;111
21,22,23,24;130;111
21,22,23,24;131;115
21,22,23,24;132;115
21,22,23,24;133;115
21,22,23,24;134;115
21,22,23,24;135;115
21,22,23,24;136;115
21,22,23,24;137;115
21,22,23,24;138;115
21,22,23,24;139;115
21,22,23,24;140;115
21,22,23,24;141;118
21,22,23,24;142;118
21,22,23,24;143;118
21,22,23,24;144;118
21,22,23,24;145;118
21,22,23,24;146;118
21,22,23,24;147;118
21,22,23,24;148;118
21,22,23,24;149;118
21,22,23,24;150;118
21,22,23,24;151;122
21,22,23,24;152;122
21,22,23,24;153;122
21,22,23,24;154;122
21,22,23,24;155;122
21,22,23,24;156;122
21,22,23,24;157;122
21,22,23,24;158;122
21,22,23,24;159;122
21,22,23,24;160;122
21,22,23,24;161;126
21,22,23,24;162;126
21,22,23,24;163;126
21,22,23,24;164;126
21,22,23,24;165;126
21,22,23,24;166;126
21,22,23,24;167;126
21,22,23,24;168;126
21,22,23,24;169;126
21,22,23,24;170;126
21,22,23,24;171;130
21,22,23,24;172;130
21,22,23,24;173;130
21,22,23,24;174;130
21,22,23,24;175;130
21,22,23,24;176;130
21,22,23,24;177;130
21,22,23,24;178;130
21,22,23,24;179;130
21,22,23,24;180;130
25,26,27,28;0;0
25,26,27,28;1;67
25,26,27,28;2;67
25,26,27,28;3;67
25,26,27,28;4;67
25,26,27,28;5;67
25,26,27,28;6;67
25,26,27,28;7;67
25,26,27,28;8;67
25,26,27,28;9;67
25,26,27,28;10;67
25,26,27,28;11;70
25,26,27,28;12;70
25,26,27,28;13;70
25,26,27,28;14;70
25,26,27,28;15;70
25,26,27,28;16;70
25,26,27,28;17;70
25,26,27,28;18;70
25,26,27,28;19;70
25,26,27,28;20;70
25,26,27,28;21;74
25,26,27,28;22;74
25,26,27,28;23;74
25,26,27,28;24;74
25,26,27,28;25;74
25,26,27,28;26;74
25,26,27,28;27;74
25,26,27,28;28;74
25,26,27,28;29;74
25,26,27,28;30;74
25,26,27,28;31;77
25,26,27,28;32;77
25,26,27,28;33;77
25,26,27,28;34;77
25,26,27,28;35;77
25,26,27,28;36;77
25,26,27,28;37;77
25,26,27,28;38;77
25,26,27,28;39;77
25,26,27,28;40;77
25,26,27,28;41;81
25,26,27,28;42;81
25,26,27,28;43;81
25,26,27,28;44;81
25,26,27,28;45;81
25,26,27,28;46;81
25,26,27,28;47;81
25,26,27,28;48;81
25,26,27,28;49;81
25,26,27,28;50;81
25,26,27,28;51;85
25,26,27,28;52;85
25,26,27,28;53;85
25,26,27,28;54;85
25,26,27,28;55;85
25,26,27,28;56;85
25,26,27,28;57;85
25,26,27,28;58;85
25,26,27,28;59;85
25,26,27,28;60;85
25,26,27,28;61;89
25,26,27,28;62;89
25,26,27,28;63;89
25,26,27,28;64;89
25,26,27,28;65;89
25,26,27,28;66;89
25,26,27,28;67;89
25,26,27,28;68;89
25,26,27,28;69;89
25,26,27,28;70;89
25,26,27,28;71;92
25,26,27,28;72;92
25,26,27,28;73;92
25,26,27,28;74;92
25,26,27,28;75;92
25,26,27,28;76;92
25,26,27,28;77;92
25,26,27,28;78;92
25,26,27,28;79;92
25,26,27,28;80;92
25,26,27,28;81;96
25,26,27,28;82;96
25,26,27,28;83;96
25,26,27,28;84;96
25,26,27,28;85;96
25,26,27,28;86;96
25,26,27,28;87;96
25,26,27,28;88;96
25,26,27,28;89;96
25,26,27,28;90;96
25,26,27,28;91;100
25,26,27,28;92;100
25,26,27,28;93;100
25,26,27,28;94;100
25,26,27,28;95;100
25,26,27,28;96;100
25,26,27,28;97;100
25,26,27,28;98;100
25,26,27,28;99;100
25,26,27,28;100;100
25,26,27,28;101;103
25,26,27,28;102;103
25,26,27,28;103;103
25,26,27,28;104;103
25,26,27,28;105;103
25,26,27,28;106;103
25,26,27,28;107;103
25,26,27,28;108;103
25,26,27,28;109;103
25,26,27,28;110;103
25,26,27,28;111;107
25,26,27,28;112;107
25,26,27,28;113;107
25,26,27,28;114;107
25,26,27,28;115;107
25,26,27,28;116;107
25,26,27,28;117;107
25,26,27,28;118;107
25,26,27,28;119;107
25,26,27,28;120;107
25,26,27,28;121;111
25,26,27,28;122;111
25,26,27,28;123;111
25,26,27,28;124;111
25,26,27,28;125;111
25,26,27,28;126;111
25,26,27,28;127;111
25,26,27,28;128;111
25,26,27,28;129;111
25,26,27,28;130;111
25,26,27,28;131;115
25,26,27,28;132;115
25,26,27,28;133;115
25,26,27,28;134;115
25,26,27,28;135;115
25,26,27,28;136;115
25,26,27,28;137;115
25,26,27,28;138;115
25,26,27,28;139;115
25,26,27,28;140;115
25,26,27,28;141;118
25,26,27,28;142;118
25,26,27,28;143;118
25,26,27,28;144;118
25,26,27,28;145;118
25,26,27,28;146;118
25,26,27,28;147;118
25,26,27,28;148;118
25,26,27,28;149;118
25,26,27,28;150;118
25,26,27,28;151;122
25,26,27,28;152;122
25,26,27,28;153;122
25,26,27,28;154;122
25,26,27,28;155;122
25,26,27,28;156;122
25,26,27,28;157;122
25,26,27,28;158;122
25,26,27,28;159;122
25,26,27,28;160;122
25,26,27,28;161;125
25,26,27,28;162;125
25,26,27,28;163;125
25,26,27,28;164;125
25,26,27,28;165;125
25,26,27,28;166;125
25,26,27,28;167;125
25,26,27,28;168;125
25,26,27,28;169;125
25,26,27,28;170;125
25,26,27,28;171;129
25,26,27,28;172;129
25,26,27,28;173;129
25,26,27,28;174;129
25,26,27,28;175;129
25,26,27,28;176;129
25,26,27,28;177;129
25,26,27,28;178;129
25,26,27,28;179;129
25,26,27,28;180;129
29,30,31,32,33;0;0
29,30,31,32,33;1;68
29,30,31,32,33;2;68
29,30,31,32,33;3;68
29,30,31,32,33;4;68
29,30,31,32,33;5;68
29,30,31,32,33;6;68
29,30,31,32,33;7;68
29,30,31,32,33;8;68
29,30,31,32,33;9;68
29,30,31,32,33;10;68
29,30,31,32,33;11;71
29,30,31,32,33;12;71
29,30,31,32,33;13;71
29,30,31,32,33;14;71
29,30,31,32,33;15;71
29,30,31,32,33;16;71
29,30,31,32,33;17;71
29,30,31,32,33;18;71
29,30,31,32,33;19;71
29,30,31,32,33;20;71
29,30,31,32,33;21;75
29,30,31,32,33;22;75
29,30,31,32,33;23;75
29,30,31,32,33;24;75
29,30,31,32,33;25;75
29,30,31,32,33;26;75
29,30,31,32,33;27;75
29,30,31,32,33;28;75
29,30,31,32,33;29;75
29,30,31,32,33;30;75
29,30,31,32,33;31;79
29,30,31,32,33;32;79
29,30,31,32,33;33;79
29,30,31,32,33;34;79
29,30,31,32,33;35;79
29,30,31,32,33;36;79
29,30,31,32,33;37;79
29,30,31,32,33;38;79
29,30,31,32,33;39;79
29,30,31,32,33;40;79
29,30,31,32,33;41;82
29,30,31,32,33;42;82
29,30,31,32,33;43;82
29,30,31,32,33;44;82
29,30,31,32,33;45;82
29,30,31,32,33;46;82
29,30,31,32,33;47;82
29,30,31,32,33;48;82
29,30,31,32,33;49;82
29,30,31,32,33;50;82
29,30,31,32,33;51;86
29,30,31,32,33;52;86
29,30,31,32,33;53;86
29,30,31,32,33;54;86
29,30,31,32,33;55;86
29,30,31,32,33;56;86
29,30,31,32,33;57;86
29,30,31,32,33;58;86
29,30,31,32,33;59;86
29,30,31,32,33;60;86
29,30,31,32,33;61;89
29,30,31,32,33;62;89
29,30,31,32,33;63;89
29,30,31,32,33;64;89
29,30,31,32,33;65;89
29,30,31,32,33;66;89
29,30,31,32,33;67;89
29,30,31,32,33;68;89
29,30,31,32,33;69;89
29,30,31,32,33;70;89
29,30,31,32,33;71;93
29,30,31,32,33;72;93
29,30,31,32,33;73;93
29,30,31,32,33;74;93
29,30,31,32,33;75;93
29,30,31,32,33;76;93
29,30,31,32,33;77;93
29,30,31,32,33;78;93
29,30,31,32,33;79;93
29,30,31,32,33;80;93
29,30,31,32,33;81;96
29,30,31,32,33;82;96
29,30,31,32,33;83;96
29,30,31,32,33;84;96
29,30,31,32,33;85;96
29,30,31,32,33;86;96
29,30,31,32,33;87;96
29,30,31,32,33;88;96
29,30,31,32,33;89;96
29,30,31,32,33;90;96
29,30,31,32,33;91;100
29,30,31,32,33;92;100
29,30,31,32,33;93;100
29,30,31,32,33;94;100
29,30,31,32,33;95;100
29,30,31,32,33;96;100
29,30,31,32,33;97;100
29,30,31,32,33;98;100
29,30,31,32,33;99;100
29,30,31,32,33;100;100
29,30,31,32,33;101;104
29,30,31,32,33;102;104
29,30,31,32,33;103;104
29,30,31,32,33;104;104
29,30,31,32,33;105;104
29,30,31,32,33;106;104
29,30,31,32,33;107;104
29,30,31,32,33;108;104
29,30,31,32,33;109;104
29,30,31,32,33;110;104
29,30,31,32,33;111;107
29,30,31,32,33;112;107
29,30,31,32,33;113;107
29,30,31,32,33;114;107
29,30,31,32,33;115;107
29,30,31,32,33;116;107
29,30,31,32,33;117;107
29,30,31,32,33;118;107
29,30,31,32,33;119;107
29,30,31,32,33;120;107
29,30,31,32,33;121;111
29,30,31,32,33;122;111
29,30,31,32,33;123;111
29,30,31,32,33;124;111
29,30,31,32,33;125;111
29,30,31,32,33;126;111
29,30,31,32,33;127;111
29,30,31,32,33;128;111
29,30,31,32,33;129;111
29,30,31,32,33;130;111
29,30,31,32,33;131;114
29,30,31,32,33;132;114
29,30,31,32,33;133;114
29,30,31,32,33;134;114
29,30,31,32,33;135;114
29,30,31,32,33;136;114
29,30,31,32,33;137;114
29,30,31,32,33;138;114
29,30,31,32,33;139;114
29,30,31,32,33;140;114
29,30,31,32,33;141;118
29,30,31,32,33;142;118
29,30,31,32,33;143;118
29,30,31,32,33;144;118
29,30,31,32,33;145;118
29,30,31,32,33;146;118
29,30,31,32,33;147;118
29,30,31,32,33;148;118
29,30,31,32,33;149;118
29,30,31,32,33;150;118
29,30,31,32,33;151;121
29,30,31,32,33;152;121
29,30,31,32,33;153;121
29,30,31,32,33;154;121
29,30,31,32,33;155;121
29,30,31,32,33;156;121
29,30,31,32,33;157;121
29,30,31,32,33;158;121
29,30,31,32,33;159;121
29,30,31,32,33;160;121
29,30,31,32,33;161;125
29,30,31,32,33;162;125
29,30,31,32,33;163;125
29,30,31,32,33;164;125
29,30,31,32,33;165;125
29,30,31,32,33;166;125
29,30,31,32,33;167;125
29,30,31,32,33;168;125
29,30,31,32,33;169;125
29,30,31,32,33;170;125
29,30,31,32,33;171;128
29,30,31,32,33;172;128
29,30,31,32,33;173;128
29,30,31,32,33;174;128
29,30,31,32,33;175;128
29,30,31,32,33;176;128
29,30,31,32,33;177;128
29,30,31,32,33;178;128
29,30,31,32,33;179;128
29,30,31,32,33;180;128
34,35,36,37,38,39;0;0
34,35,36,37,38,39;1;71
34,35,36,37,38,39;2;71
34,35,36,37,38,39;3;71
34,35,36,37,38,39;4;71
34,35,36,37,38,39;5;71
34,35,36,37,38,39;6;71
34,35,36,37,38,39;7;71
34,35,36,37,38,39;8;71
34,35,36,37,38,39;9;71
34,35,36,37,38,39;10;71
34,35,36,37,38,39;11;74
34,35,36,37,38,39;12;74
34,35,36,37,38,39;13;74
34,35,36,37,38,39;14;74
34,35,36,37,38,39;15;74
34,35,36,37,38,39;16;74
34,35,36,37,38,39;17;74
34,35,36,37,38,39;18;74
34,35,36,37,38,39;19;74
34,35,36,37,38,39;20;74
34,35,36,37,38,39;21;78
34,35,36,37,38,39;22;78
34,35,36,37,38,39;23;78
34,35,36,37,38,39;24;78
34,35,36,37,38,39;25;78
34,35,36,37,38,39;26;78
34,35,36,37,38,39;27;78
34,35,36,37,38,39;28;78
34,35,36,37,38,39;29;78
34,35,36,37,38,39;30;78
34,35,36,37,38,39;31;81
34,35,36,37,38,39;32;81
34,35,36,37,38,39;33;81
34,35,36,37,38,39;34;81
34,35,36,37,38,39;35;81
34,35,36,37,38,39;36;81
34,35,36,37,38,39;37;81
34,35,36,37,38,39;38;81
34,35,36,37,38,39;39;81
34,35,36,37,38,39;40;81
34,35,36,37,38,39;41;85
34,35,36,37,38,39;42;85
34,35,36,37,38,39;43;85
34,35,36,37,38,39;44;85
34,35,36,37,38,39;45;85
34,35,36,37,38,39;46;85
34,35,36,37,38,39;47;85
34,35,36,37,38,39;48;85
34,35,36,37,38,39;49;85
34,35,36,37,38,39;50;85
34,35,36,37,38,39;51;88
34,35,36,37,38,39;52;88
34,35,36,37,38,39;53;88
34,35,36,37,38,39;54;88
34,35,36,37,38,39;55;88
34,35,36,37,38,39;56;88
34,35,36,37,38,39;57;88
34,35,36,37,38,39;58;88
34,35,36,37,38,39;59;88
34,35,36,37,38,39;60;88
34,35,36,37,38,39;61;91
34,35,36,37,38,39;62;91
34,35,36,37,38,39;63;91
34,35,36,37,38,39;64;91
34,35,36,37,38,39;65;91
34,35,36,37,38,39;66;91
34,35,36,37,38,39;67;91
34,35,36,37,38,39;68;91
34,35,36,37,38,39;69;91
34,35,36,37,38,39;70;91
34,35,36,37,38,39;71;95
34,35,36,37,38,39;72;95
34,35,36,37,38,39;73;95
34,35,36,37,38,39;74;95
34,35,36,37,38,39;75;95
34,35,36,37,38,39;76;95
34,35,36,37,38,39;77;95
34,35,36,37,38,39;78;95
34,35,36,37,38,39;79;95
34,35,36,37,38,39;80;95
34,35,36,37,38,39;81;98
34,35,36,37,38,39;82;98
34,35,36,37,38,39;83;98
34,35,36,37,38,39;84;98
34,35,36,37,38,39;85;98
34,35,36,37,38,39;86;98
34,35,36,37,38,39;87;98
34,35,36,37,38,39;88;98
34,35,36,37,38,39;89;98
34,35,36,37,38,39;90;98
34,35,36,37,38,39;91;102
34,35,36,37,38,39;92;102
34,35,36,37,38,39;93;102
34,35,36,37,38,39;94;102
34,35,36,37,38,39;95;102
34,35,36,37,38,39;96;102
34,35,36,37,38,39;97;102
34,35,36,37,38,39;98;102
34,35,36,37,38,39;99;102
34,35,36,37,38,39;100;102
34,35,36,37,38,39;101;105
34,35,36,37,38,39;102;105
34,35,36,37,38,39;103;105
34,35,36,37,38,39;104;105
34,35,36,37,38,39;105;105
34,35,36,37,38,39;106;105
34,35,36,37,38,39;107;105
34,35,36,37,38,39;108;105
34,35,36,37,38,39;109;105
34,35,36,37,38,39;110;105
34,35,36,37,38,39;111;109
34,35,36,37,38,39;112;109
34,35,36,37,38,39;113;109
34,35,36,37,38,39;114;109
34,35,36,37,38,39;115;109
34,35,36,37,38,39;116;109
34,35,36,37,38,39;117;109
34,35,36,37,38,39;118;109
34,35,36,37,38,39;119;109
34,35,36,37,38,39;120;109
34,35,36,37,38,39;121;112
34,35,36,37,38,39;122;112
34,35,36,37,38,39;123;112
34,35,36,37,38,39;124;112
34,35,36,37,38,39;125;112
34,35,36,37,38,39;126;112
34,35,36,37,38,39;127;112
34,35,36,37,38,39;128;112
34,35,36,37,38,39;129;112
34,35,36,37,38,39;130;112
34,35,36,37,38,39;131;115
34,35,36,37,38,39;132;115
34,35,36,37,38,39;133;115
34,35,36,37,38,39;134;115
34,35,36,37,38,39;135;115
34,35,36,37,38,39;136;115
34,35,36,37,38,39;137;115
34,35,36,37,38,39;138;115
34,35,36,37,38,39;139;115
34,35,36,37,38,39;140;115
34,35,36,37,38,39;141;119
34,35,36,37,38,39;142;119
34,35,36,37,38,39;143;119
34,35,36,37,38,39;144;119
34,35,36,37,38,39;145;119
34,35,36,37,38,39;146;119
34,35,36,37,38,39;147;119
34,35,36,37,38,39;148;119
34,35,36,37,38,39;149;119
34,35,36,37,38,39;150;119
34,35,36,37,38,39;151;122
34,35,36,37,38,39;152;122
34,35,36,37,38,39;153;122
34,35,36,37,38,39;154;122
34,35,36,37,38,39;155;122
34,35,36,37,38,39;156;122
34,35,36,37,38,39;157;122
34,35,36,37,38,39;158;122
34,35,36,37,38,39;159;122
34,35,36,37,38,39;160;122
34,35,36,37,38,39;161;126
34,35,36,37,38,39;162;126
34,35,36,37,38,39;163;126
34,35,36,37,38,39;164;126
34,35,36,37,38,39;165;126
34,35,36,37,38,39;166;126
34,35,36,37,38,39;167;126
34,35,36,37,38,39;168;126
34,35,36,37,38,39;169;126
34,35,36,37,38,39;170;126
34,35,36,37,38,39;171;129
34,35,36,37,38,39;172;129
34,35,36,37,38,39;173;129
34,35,36,37,38,39;174;129
34,35,36,37,38,39;175;129
34,35,36,37,38,39;176;129
34,35,36,37,38,39;177;129
34,35,36,37,38,39;178;129
34,35,36,37,38,39;179;129
34,35,36,37,38,39;180;129
40,41,42,43,44,45;0;0
40,41,42,43,44,45;1;73
40,41,42,43,44,45;2;73
40,41,42,43,44,45;3;73
40,41,42,43,44,45;4;73
40,41,42,43,44,45;5;73
40,41,42,43,44,45;6;73
40,41,42,43,44,45;7;73
40,41,42,43,44,45;8;73
40,41,42,43,44,45;9;73
40,41,42,43,44,45;10;73
40,41,42,43,44,45;11;76
40,41,42,43,44,45;12;76
40,41,42,43,44,45;13;76
40,41,42,43,44,45;14;76
40,41,42,43,44,45;15;76
40,41,42,43,44,45;16;76
40,41,42,43,44,45;17;76
40,41,42,43,44,45;18;76
40,41,42,43,44,45;19;76
40,41,42,43,44,45;20;76
40,41,42,43,44,45;21;80
40,41,42,43,44,45;22;80
40,41,42,43,44,45;23;80
40,41,42,43,44,45;24;80
40,41,42,43,44,45;25;80
40,41,42,43,44,45;26;80
40,41,42,43,44,45;27;80
40,41,42,43,44,45;28;80
40,41,42,43,44,45;29;80
40,41,42,43,44,45;30;80
40,41,42,43,44,45;31;83
40,41,42,43,44,45;32;83
40,41,42,43,44,45;33;83
40,41,42,43,44,45;34;83
40,41,42,43,44,45;35;83
40,41,42,43,44,45;36;83
40,41,42,43,44,45;37;83
40,41,42,43,44,45;38;83
40,41,42,43,44,45;39;83
40,41,42,43,44,45;40;83
40,41,42,43,44,45;41;86
40,41,42,43,44,45;42;86
40,41,42,43,44,45;43;86
40,41,42,43,44,45;44;86
40,41,42,43,44,45;45;86
40,41,42,43,44,45;46;86
40,41,42,43,44,45;47;86
40,41,42,43,44,45;48;86
40,41,42,43,44,45;49;86
40,41,42,43,44,45;50;86
40,41,42,43,44,45;51;90
40,41,42,43,44,45;52;90
40,41,42,43,44,45;53;90
40,41,42,43,44,45;54;90
40,41,42,43,44,45;55;90
40,41,42,43,44,45;56;90
40,41,42,43,44,45;57;90
40,41,42,43,44,45;58;90
40,41,42,43,44,45;59;90
40,41,42,43,44,45;60;90
40,41,42,43,44,45;61;93
40,41,42,43,44,45;62;93
40,41,42,43,44,45;63;93
40,41,42,43,44,45;64;93
40,41,42,43,44,45;65;93
40,41,42,43,44,45;66;93
40,41,42,43,44,45;67;93
40,41,42,43,44,45;68;93
40,41,42,43,44,45;69;93
40,41,42,43,44,45;70;93
40,41,42,43,44,45;71;97
40,41,42,43,44,45;72;97
40,41,42,43,44,45;73;97
40,41,42,43,44,45;74;97
40,41,42,43,44,45;75;97
40,41,42,43,44,45;76;97
40,41,42,43,44,45;77;97
40,41,42,43,44,45;78;97
40,41,42,43,44,45;79;97
40,41,42,43,44,45;80;97
40,41,42,43,44,45;81;100
40,41,42,43,44,45;82;100
40,41,42,43,44,45;83;100
40,41,42,43,44,45;84;100
40,41,42,43,44,45;85;100
40,41,42,43,44,45;86;100
40,41,42,43,44,45;87;100
40,41,42,43,44,45;88;100
40,41,42,43,44,45;89;100
40,41,42,43,44,45;90;100
40,41,42,43,44,45;91;103
40,41,42,43,44,45;92;103
40,41,42,43,44,45;93;103
40,41,42,43,44,45;94;103
40,41,42,43,44,45;95;103
40,41,42,43,44,45;96;103
40,41,42,43,44,45;97;103
40,41,42,43,44,45;98;103
40,41,42,43,44,45;99;103
40,41,42,43,44,45;100;103
40,41,42,43,44,45;101;107
40,41,42,43,44,45;102;107
40,41,42,43,44,45;103;107
40,41,42,43,44,45;104;107
40,41,42,43,44,45;105;107
40,41,42,43,44,45;106;107
40,41,42,43,44,45;107;107
40,41,42,43,44,45;108;107
40,41,42,43,44,45;109;107
40,41,42,43,44,45;110;107
40,41,42,43,44,45;111;110
40,41,42,43,44,45;112;110
40,41,42,43,44,45;113;110
40,41,42,43,44,45;114;110
40,41,42,43,44,45;115;110
40,41,42,43,44,45;116;110
40,41,42,43,44,45;117;110
40,41,42,43,44,45;118;110
40,41,42,43,44,45;119;110
40,41,42,43,44,45;120;110
40,41,42,43,44,45;121;114
40,41,42,43,44,45;122;114
40,41,42,43,44,45;123;114
40,41,42,43,44,45;124;114
40,41,42,43,44,45;125;114
40,41,42,43,44,45;126;114
40,41,42,43,44,45;127;114
40,41,42,43,44,45;128;114
40,41,42,43,44,45;129;114
40,41,42,43,44,45;130;114
40,41,42,43,44,45;131;118
40,41,42,43,44,45;132;118
40,41,42,43,44,45;133;118
40,41,42,43,44,45;134;118
40,41,42,43,44,45;135;118
40,41,42,43,44,45;136;118
40,41,42,43,44,45;137;118
40,41,42,43,44,45;138;118
40,41,42,43,44,45;139;118
40,41,42,43,44,45;140;118
40,41,42,43,44,45;141;121
40,41,42,43,44,45;142;121
40,41,42,43,44,45;143;121
40,41,42,43,44,45;144;121
40,41,42,43,44,45;145;121
40,41,42,43,44,45;146;121
40,41,42,43,44,45;147;121
40,41,42,43,44,45;148;121
40,41,42,43,44,45;149;121
40,41,42,43,44,45;150;121
40,41,42,43,44,45;151;124
40,41,42,43,44,45;152;124
40,41,42,43,44,45;153;124
40,41,42,43,44,45;154;124
40,41,42,43,44,45;155;124
40,41,42,43,44,45;156;124
40,41,42,43,44,45;157;124
40,41,42,43,44,45;158;124
40,41,42,43,44,45;159;124
40,41,42,43,44,45;160;124
40,41,42,43,44,45;161;128
40,41,42,43,44,45;162;128
40,41,42,43,44,45;163;128
40,41,42,43,44,45;164;128
40,41,42,43,44,45;165;128
40,41,42,43,44,45;166;128
40,41,42,43,44,45;167;128
40,41,42,43,44,45;168;128
40,41,42,43,44,45;169;128
40,41,42,43,44,45;170;128
40,41,42,43,44,45;171;131
40,41,42,43,44,45;172;131
40,41,42,43,44,45;173;131
40,41,42,43,44,45;174;131
40,41,42,43,44,45;175;131
40,41,42,43,44,45;176;131
40,41,42,43,44,45;177;131
40,41,42,43,44,45;178;131
40,41,42,43,44,45;179;131
40,41,42,43,44,45;180;131
46,47,48,49,50,51,52,53,54,55,56,57,58,59,60;0;0
46,47,48,49,50,51,52,53,54,55,56,57,58,59,60;1;75
46,47,48,49,50,51,52,53,54,55,56,57,58,59,60;2;75
46,47,48,49,50,51,52,53,54,55,56,57,58,59,60;3;75
46,47,48,49,50,51,52,53,54,55,56,57,58,59,60;4;75
46,47,48,49,50,51,52,53,54,55,56,57,58,59,60;5;75
46,47,48,49,50,51,52,53,54,55,56,57,58,59,60;6;75
46,47,48,49,50,51,52,53,54,55,56,57,58,59,60;7;75
46,47,48,49,50,51,52,53,54,55,56,57,58,59,60;8;75
46,47,48,49,50,51,52,53,54,55,56,57,58,59,60;9;75
46,47,48,49,50,51,52,53,54,55,56,57,58,59,60;10;75
46,47,48,49,50,51,52,53,54,55,56,57,58,59,60;11;79
46,47,48,49,50,51,52,53,54,55,56,57,58,59,60;12;79
46,47,48,49,50,51,52,53,54,55,56,57,58,59,60;13;79
46,47,48,49,50,51,52,53,54,55,56,57,58,59,60;14;79
46,47,48,49,50,51,52,53,54,55,56,57,58,59,60;15;79
46,47,48,49,50,51,52,53,54,55,56,57,58,59,60;16;79
46,47,48,49,50,51,52,53,54,55,56,57,58,59,60;17;79
46,47,48,49,50,51,52,53,54,55,56,57,58,59,60;18;79
46,47,48,49,50,51,52,53,54,55,56,57,58,59,60;19;79
46,47,48,49,50,51,52,53,54,55,56,57,58,59,60;20;79
46,47,48,49,50,51,52,53,54,55,56,57,58,59,60;21;81
46,47,48,49,50,51,52,53,54,55,56,57,58,59,60;22;81
46,47,48,49,50,51,52,53,54,55,56,57,58,59,60;23;81
46,47,48,49,50,51,52,53,54,55,56,57,58,59,60;24;81
46,47,48,49,50,51,52,53,54,55,56,57,58,59,60;25;81
46,47,48,49,50,51,52,53,54,55,56,57,58,59,60;26;81
46,47,48,49,50,51,52,53,54,55,56,57,58,59,60;27;81
46,47,48,49,50,51,52,53,54,55,56,57,58,59,60;28;81
46,47,48,49,50,51,52,53,54,55,56,57,58,59,60;29;81
46,47,48,49,50,51,52,53,54,55,56,57,58,59,60;30;81
46,47,48,49,50,51,52,53,54,55,56,57,58,59,60;31;85
46,47,48,49,50,51,52,53,54,55,56,57,58,59,60;32;85
46,47,48,49,50,51,52,53,54,55,56,57,58,59,60;33;85
46,47,48,49,50,51,52,53,54,55,56,57,58,59,60;34;85
46,47,48,49,50,51,52,53,54,55,56,57,58,59,60;35;85
46,47,48,49,50,51,52,53,54,55,56,57,58,59,60;36;85
46,47,48,49,50,51,52,53,54,55,56,57,58,59,60;37;85
46,47,48,49,50,51,52,53,54,55,56,57,58,59,60;38;85
46,47,48,49,50,51,52,53,54,55,56,57,58,59,60;39;85
46,47,48,49,50,51,52,53,54,55,56,57,58,59,60;40;85
46,47,48,49,50,51,52,53,54,55,56,57,58,59,60;41;89
46,47,48,49,50,51,52,53,54,55,56,57,58,59,60;42;89
46,47,48,49,50,51,52,53,54,55,56,57,58,59,60;43;89
46,47,48,49,50,51,52,53,54,55,56,57,58,59,60;44;89
46,47,48,49,50,51,52,53,54,55,56,57,58,59,60;45;89
46,47,48,49,50,51,52,53,54,55,56,57,58,59,60;46;89
46,47,48,49,50,51,52,53,54,55,56,57,58,59,60;47;89
46,47,48,49,50,51,52,53,54,55,56,57,58,59,60;48;89
46,47,48,49,50,51,52,53,54,55,56,57,58,59,60;49;89
46,47,48,49,50,51,52,53,54,55,56,57,58,59,60;50;89
46,47,48,49,50,51,52,53,54,55,56,57,58,59,60;51;92
46,47,48,49,50,51,52,53,54,55,56,57,58,59,60;52;92
46,47,48,49,50,51,52,53,54,55,56,57,58,59,60;53;92
46,47,48,49,50,51,52,53,54,55,56,57,58,59,60;54;92
46,47,48,49,50,51,52,53,54,55,56,57,58,59,60;55;92
46,47,48,49,50,51,52,53,54,55,56,57,58,59,60;56;92
46,47,48,49,50,51,52,53,54,55,56,57,58,59,60;57;92
46,47,48,49,50,51,52,53,54,55,56,57,58,59,60;58;92
46,47,48,49,50,51,52,53,54,55,56,57,58,59,60;59;92
46,47,48,49,50,51,52,53,54,55,56,57,58,59,60;60;92
46,47,48,49,50,51,52,53,54,55,56,57,58,59,60;61;95
46,47,48,49,50,51,52,53,54,55,56,57,58,59,60;62;95
46,47,48,49,50,51,52,53,54,55,56,57,58,59,60;63;95
46,47,48,49,50,51,52,53,54,55,56,57,58,59,60;64;95
46,47,48,49,50,51,52,53,54,55,56,57,58,59,60;65;95
46,47,48,49,50,51,52,53,54,55,56,57,58,59,60;66;95
46,47,48,49,50,51,52,53,54,55,56,57,58,59,60;67;95
46,47,48,49,50,51,52,53,54,55,56,57,58,59,60;68;95
46,47,48,49,50,51,52,53,54,55,56,57,58,59,60;69;95
46,47,48,49,50,51,52,53,54,55,56,57,58,59,60;70;95
46,47,48,49,50,51,52,53,54,55,56,57,58,59,60;71;99
46,47,48,49,50,51,52,53,54,55,56,57,58,59,60;72;99
46,47,48,49,50,51,52,53,54,55,56,57,58,59,60;73;99
46,47,48,49,50,51,52,53,54,55,56,57,58,59,60;74;99
46,47,48,49,50,51,52,53,54,55,56,57,58,59,60;75;99
46,47,48,49,50,51,52,53,54,55,56,57,58,59,60;76;99
46,47,48,49,50,51,52,53,54,55,56,57,58,59,60;77;99
46,47,48,49,50,51,52,53,54,55,56,57,58,59,60;78;99
46,47,48,49,50,51,52,53,54,55,56,57,58,59,60;79;99
46,47,48,49,50,51,52,53,54,55,56,57,58,59,60;80;99
46,47,48,49,50,51,52,53,54,55,56,57,58,59,60;81;102
46,47,48,49,50,51,52,53,54,55,56,57,58,59,60;82;102
46,47,48,49,50,51,52,53,54,55,56,57,58,59,60;83;102
46,47,48,49,50,51,52,53,54,55,56,57,58,59,60;84;102
46,47,48,49,50,51,52,53,54,55,56,57,58,59,60;85;102
46,47,48,49,50,51,52,53,54,55,56,57,58,59,60;86;102
46,47,48,49,50,51,52,53,54,55,56,57,58,59,60;87;102
46,47,48,49,50,51,52,53,54,55,56,57,58,59,60;88;102
46,47,48,49,50,51,52,53,54,55,56,57,58,59,60;89;102
46,47,48,49,50,51,52,53,54,55,56,57,58,59,60;90;102
46,47,48,49,50,51,52,53,54,55,56,57,58,59,60;91;105
46,47,48,49,50,51,52,53,54,55,56,57,58,59,60;92;105
46,47,48,49,50,51,52,53,54,55,56,57,58,59,60;93;105
46,47,48,49,50,51,52,53,54,55,56,57,58,59,60;94;105
46,47,48,49,50,51,52,53,54,55,56,57,58,59,60;95;105
46,47,48,49,50,51,52,53,54,55,56,57,58,59,60;96;105
46,47,48,49,50,51,52,53,54,55,56,57,58,59,60;97;105
46,47,48,49,50,51,52,53,54,55,56,57,58,59,60;98;105
46,47,48,49,50,51,52,53,54,55,56,57,58,59,60;99;105
46,47,48,49,50,51,52,53,54,55,56,57,58,59,60;100;105
46,47,48,49,50,51,52,53,54,55,56,57,58,59,60;101;109
46,47,48,49,50,51,52,53,54,55,56,57,58,59,60;102;109
46,47,48,49,50,51,52,53,54,55,56,57,58,59,60;103;109
46,47,48,49,50,51,52,53,54,55,56,57,58,59,60;104;109
46,47,48,49,50,51,52,53,54,55,56,57,58,59,60;105;109
46,47,48,49,50,51,52,53,54,55,56,57,58,59,60;106;109
46,47,48,49,50,51,52,53,54,55,56,57,58,59,60;107;109
46,47,48,49,50,51,52,53,54,55,56,57,58,59,60;108;109
46,47,48,49,50,51,52,53,54,55,56,57,58,59,60;109;109
46,47,48,49,50,51,52,53,54,55,56,57,58,59,60;110;109
46,47,48,49,50,51,52,53,54,55,56,57,58,59,60;111;112
46,47,48,49,50,51,52,53,54,55,56,57,58,59,60;112;112
46,47,48,49,50,51,52,53,54,55,56,57,58,59,60;113;112
46,47,48,49,50,51,52,53,54,55,56,57,58,59,60;114;112
46,47,48,49,50,51,52,53,54,55,56,57,58,59,60;115;112
46,47,48,49,50,51,52,53,54,55,56,57,58,59,60;116;112
46,47,48,49,50,51,52,53,54,55,56,57,58,59,60;117;112
46,47,48,49,50,51,52,53,54,55,56,57,58,59,60;118;112
46,47,48,49,50,51,52,53,54,55,56,57,58,59,60;119;112
46,47,48,49,50,51,52,53,54,55,56,57,58,59,60;120;112
46,47,48,49,50,51,52,53,54,55,56,57,58,59,60;121;115
46,47,48,49,50,51,52,53,54,55,56,57,58,59,60;122;115
46,47,48,49,50,51,52,53,54,55,56,57,58,59,60;123;115
46,47,48,49,50,51,52,53,54,55,56,57,58,59,60;124;115
46,47,48,49,50,51,52,53,54,55,56,57,58,59,60;125;115
46,47,48,49,50,51,52,53,54,55,56,57,58,59,60;126;115
46,47,48,49,50,51,52,53,54,55,56,57,58,59,60;127;115
46,47,48,49,50,51,52,53,54,55,56,57,58,59,60;128;115
46,47,48,49,50,51,52,53,54,55,56,57,58,59,60;129;115
46,47,48,49,50,51,52,53,54,55,56,57,58,59,60;130;115
46,47,48,49,50,51,52,53,54,55,56,57,58,59,60;131;119
46,47,48,49,50,51,52,53,54,55,56,57,58,59,60;132;119
46,47,48,49,50,51,52,53,54,55,56,57,58,59,60;133;119
46,47,48,49,50,51,52,53,54,55,56,57,58,59,60;134;119
46,47,48,49,50,51,52,53,54,55,56,57,58,59,60;135;119
46,47,48,49,50,51,52,53,54,55,56,57,58,59,60;136;119
46,47,48,49,50,51,52,53,54,55,56,57,58,59,60;137;119
46,47,48,49,50,51,52,53,54,55,56,57,58,59,60;138;119
46,47,48,49,50,51,52,53,54,55,56,57,58,59,60;139;119
46,47,48,49,50,51,52,53,54,55,56,57,58,59,60;140;119
46,47,48,49,50,51,52,53,54,55,56,57,58,59,60;141;122
46,47,48,49,50,51,52,53,54,55,56,57,58,59,60;142;122
46,47,48,49,50,51,52,53,54,55,56,57,58,59,60;143;122
46,47,48,49,50,51,52,53,54,55,56,57,58,59,60;144;122
46,47,48,49,50,51,52,53,54,55,56,57,58,59,60;145;122
46,47,48,49,50,51,52,53,54,55,56,57,58,59,60;146;122
46,47,48,49,50,51,52,53,54,55,56,57,58,59,60;147;122
46,47,48,49,50,51,52,53,54,55,56,57,58,59,60;148;122
46,47,48,49,50,51,52,53,54,55,56,57,58,59,60;149;122
46,47,48,49,50,51,52,53,54,55,56,57,58,59,60;150;122
46,47,48,49,50,51,52,53,54,55,56,57,58,59,60;151;125
46,47,48,49,50,51,52,53,54,55,56,57,58,59,60;152;125
46,47,48,49,50,51,52,53,54,55,56,57,58,59,60;153;125
46,47,48,49,50,51,52,53,54,55,56,57,58,59,60;154;125
46,47,48,49,50,51,52,53,54,55,56,57,58,59,60;155;125
46,47,48,49,50,51,52,53,54,55,56,57,58,59,60;156;125
46,47,48,49,50,51,52,53,54,55,56,57,58,59,60;157;125
46,47,48,49,50,51,52,53,54,55,56,57,58,59,60;158;125
46,47,48,49,50,51,52,53,54,55,56,57,58,59,60;159;125
46,47,48,49,50,51,52,53,54,55,56,57,58,59,60;160;125
46,47,48,49,50,51,52,53,54,55,56,57,58,59,60;161;129
46,47,48,49,50,51,52,53,54,55,56,57,58,59,60;162;129
46,47,48,49,50,51,52,53,54,55,56,57,58,59,60;163;129
46,47,48,49,50,51,52,53,54,55,56,57,58,59,60;164;129
46,47,48,49,50,51,52,53,54,55,56,57,58,59,60;165;129
46,47,48,49,50,51,52,53,54,55,56,57,58,59,60;166;129
46,47,48,49,50,51,52,53,54,55,56,57,58,59,60;167;129
46,47,48,49,50,51,52,53,54,55,56,57,58,59,60;168;129
46,47,48,49,50,51,52,53,54,55,56,57,58,59,60;169;129
46,47,48,49,50,51,52,53,54,55,56,57,58,59,60;170;129
46,47,48,49,50,51,52,53,54,55,56,57,58,59,60;171;132
46,47,48,49,50,51,52,53,54,55,56,57,58,59,60;172;132
46,47,48,49,50,51,52,53,54,55,56,57,58,59,60;173;132
46,47,48,49,50,51,52,53,54,55,56,57,58,59,60;174;132
46,47,48,49,50,51,52,53,54,55,56,57,58,59,60;175;132
46,47,48,49,50,51,52,53,54,55,56,57,58,59,60;176;132
46,47,48,49,50,51,52,53,54,55,56,57,58,59,60;177;132
46,47,48,49,50,51,52,53,54,55,56,57,58,59,60;178;132
46,47,48,49,50,51,52,53,54,55,56,57,58,59,60;179;132
46,47,48,49,50,51,52,53,54,55,56,57,58,59,60;180;132
61;0;0
61;1;75
61;2;75
61;3;75
61;4;75
61;5;75
61;6;75
61;7;75
61;8;75
61;9;75
61;10;75
61;11;79
61;12;79
61;13;79
61;14;79
61;15;79
61;16;79
61;17;79
61;18;79
61;19;79
61;20;79
61;21;81
61;22;81
61;23;81
61;24;81
61;25;81
61;26;81
61;27;81
61;28;81
61;29;81
61;30;81
61;31;85
61;32;85
61;33;85
61;34;85
61;35;85
61;36;85
61;37;85
61;38;85
61;39;85
61;40;85
61;41;89
61;42;89
61;43;89
61;44;89
61;45;89
61;46;89
61;47;89
61;48;89
61;49;89
61;50;89
61;51;92
61;52;92
61;53;92
61;54;92
61;55;92
61;56;92
61;57;92
61;58;92
61;59;92
61;60;92
61;61;95
61;62;95
61;63;95
61;64;95
61;65;95
61;66;95
61;67;95
61;68;95
61;69;95
61;70;95
61;71;99
61;72;99
61;73;99
61;74;99
61;75;99
61;76;99
61;77;99
61;78;99
61;79;99
61;80;99
61;81;102
61;82;102
61;83;102
61;84;102
61;85;102
61;86;102
61;87;102
61;88;102
61;89;102
61;90;102
61;91;105
61;92;105
61;93;105
61;94;105
61;95;105
61;96;105
61;97;105
61;98;105
61;99;105
61;100;105
61;101;109
61;102;109
61;103;109
61;104;109
61;105;109
61;106;109
61;107;109
61;108;109
61;109;109
61;110;109
61;111;112
61;112;112
61;113;112
61;114;112
61;115;112
61;116;112
61;117;112
61;118;112
61;119;112
61;120;112
61;121;115
61;122;115
61;123;115
61;124;115
61;125;115
61;126;115
61;127;115
61;128;115
61;129;115
61;130;115
61;131;119
61;132;119
61;133;119
61;134;119
61;135;119
61;136;119
61;137;119
61;138;119
61;139;119
61;140;119
61;141;122
61;142;122
61;143;122
61;144;122
61;145;122
61;146;122
61;147;122
61;148;122
61;149;122
61;150;122
61;151;125
61;152;125
61;153;125
61;154;125
61;155;125
61;156;125
61;157;125
61;158;125
61;159;125
61;160;125
61;161;129
61;162;129
61;163;129
61;164;129
61;165;129
61;166;129
61;167;129
61;168;129
61;169;129
61;170;129
61;171;132
61;172;132
61;173;132
61;174;132
61;175;132
61;176;132
61;177;132
61;178;132
61;179;132
61;180;132
